,PLZ,Kanton
0,8914,Zürich
1,8909,Zürich
2,8910,Zürich
3,8906,Zürich
4,6340,Zug
5,8915,Zürich
6,8925,Zürich
7,8908,Zürich
8,8926,Zürich
9,8934,Zürich
10,8933,Zürich
11,8932,Zürich
12,8912,Zürich
13,8913,Zürich
14,8911,Zürich
15,8143,Zürich
16,8907,Zürich
17,8452,Zürich
18,8463,Zürich
19,8415,Zürich
20,8414,Zürich
21,8447,Zürich
22,8458,Zürich
23,8245,Zürich
24,8246,Zürich
25,8416,Zürich
26,8247,Zürich
27,8450,Zürich
28,8444,Zürich
29,8457,Zürich
30,8451,Zürich
31,8453,Zürich
32,8461,Zürich
33,8212,Zürich
34,8248,Zürich
36,8460,Zürich
37,8464,Zürich
38,8466,Zürich
39,8475,Zürich
40,8462,Zürich
42,8478,Zürich
43,8465,Zürich
45,8467,Zürich
46,8459,Zürich
47,8184,Zürich
48,8303,Zürich
49,8180,Zürich
50,8305,Zürich
51,8600,Zürich
52,8193,Zürich
53,8197,Zürich
54,8424,Zürich
55,8427,Zürich
57,8428,Zürich
59,8192,Zürich
61,8182,Zürich
63,8181,Zürich
64,8194,Zürich
65,8152,Zürich
66,8302,Zürich
67,8309,Zürich
68,8426,Zürich
70,8425,Zürich
71,8052,Zürich
76,8304,Zürich
77,8195,Zürich
78,8196,Zürich
81,8185,Zürich
82,8164,Zürich
83,8113,Zürich
84,8107,Zürich
85,8108,Zürich
86,8114,Zürich
87,8157,Zürich
88,8115,Zürich
89,8162,Zürich
91,8173,Zürich
92,8174,Zürich
93,8172,Zürich
94,8155,Zürich
95,8156,Zürich
96,8166,Zürich
97,8154,Zürich
98,5462,Zürich
99,8165,Zürich
101,8112,Zürich
102,8158,Zürich
103,8105,Zürich
104,8106,Zürich
107,8153,Zürich
111,8175,Zürich
114,8187,Zürich
115,8340,Zürich
116,8344,Zürich
117,8345,Zürich
118,8498,Zürich
119,8608,Zürich
120,8633,Zürich
123,8632,Zürich
124,8635,Zürich
125,8636,Zürich
126,8494,Zürich
127,8496,Zürich
128,8497,Zürich
130,8614,Zürich
131,8617,Zürich
132,8624,Zürich
133,8625,Zürich
134,8626,Zürich
135,8627,Zürich
138,8342,Zürich
140,8630,Zürich
142,8607,Zürich
144,8637,Zürich
147,8620,Zürich
148,8623,Zürich
150,8134,Zürich
151,8802,Zürich
152,8803,Zürich
153,8135,Zürich
154,8942,Zürich
155,8805,Zürich
156,8833,Zürich
158,8136,Zürich
159,8800,Zürich
160,8703,Zürich
162,8704,Zürich
164,8634,Zürich
165,8714,Zürich
166,8127,Zürich
167,8700,Zürich
168,8708,Zürich
169,8706,Zürich
170,8618,Zürich
171,8712,Zürich
172,8713,Zürich
173,8707,Zürich
174,8126,Zürich
175,8125,Zürich
176,8702,Zürich
177,8308,Zürich
178,8320,Zürich
179,8335,Zürich
180,8310,Zürich
181,8312,Zürich
182,8315,Zürich
183,8317,Zürich
184,8330,Zürich
185,8331,Zürich
187,8322,Zürich
188,8332,Zürich
190,8484,Zürich
191,8486,Zürich
192,8492,Zürich
193,8493,Zürich
195,8488,Zürich
196,8489,Zürich
197,8044,Zürich
198,8051,Zürich
201,8603,Zürich
203,8132,Zürich
204,8133,Zürich
205,8117,Zürich
206,8118,Zürich
207,8121,Zürich
208,8606,Zürich
209,8122,Zürich
210,8123,Zürich
211,8124,Zürich
219,8610,Zürich
221,8615,Zürich
222,8616,Zürich
224,8307,Zürich
225,8604,Zürich
226,8605,Zürich
227,8306,Zürich
228,8602,Zürich
229,8479,Zürich
230,8311,Zürich
231,8471,Zürich
232,8421,Zürich
233,8474,Zürich
234,8548,Zürich
235,8352,Zürich
236,8500,Zürich
237,8523,Zürich
238,8442,Zürich
239,8412,Zürich
240,8413,Zürich
241,8422,Zürich
242,8545,Zürich
243,8354,Zürich
244,8405,Zürich
245,8418,Zürich
246,8472,Zürich
247,8363,Zürich
250,8495,Zürich
253,8400,Zürich
254,8404,Zürich
256,8406,Zürich
257,8408,Zürich
258,8409,Zürich
259,8482,Zürich
260,8542,Zürich
262,8483,Zürich
264,8487,Zürich
265,8904,Zürich
266,8142,Zürich
267,8903,Zürich
268,8952,Zürich
269,8953,Zürich
270,8951,Zürich
271,8954,Zürich
272,8102,Zürich
273,8955,Zürich
274,8902,Zürich
278,8103,Zürich
282,8104,Zürich
284,8001,Zürich
285,8002,Zürich
286,8003,Zürich
287,8004,Zürich
288,8005,Zürich
289,8006,Zürich
290,8008,Zürich
291,8032,Zürich
292,8037,Zürich
293,8038,Zürich
294,8041,Zürich
296,8045,Zürich
297,8046,Zürich
298,8047,Zürich
299,8048,Zürich
300,8049,Zürich
301,8050,Zürich
304,8053,Zürich
305,8055,Zürich
306,8057,Zürich
307,8064,Zürich
314,8468,Zürich
315,8476,Zürich
316,8477,Zürich
317,8525,Zürich
318,8804,Zürich
319,8820,Zürich
320,8824,Zürich
321,8825,Zürich
322,8353,Zürich
324,8355,Zürich
328,8810,Zürich
329,8815,Zürich
330,8816,Zürich
333,8314,Zürich
338,8499,Zürich
340,8543,Zürich
341,8544,Zürich
342,8546,Zürich
343,3250,Bern
344,3267,Bern
345,3270,Bern
346,3273,Bern
347,3282,Bern
348,3283,Bern
349,3257,Bern
350,3262,Bern
351,3207,Bern
352,3226,Bern
355,3252,Bern
357,2557,Bern
359,3292,Bern
360,3042,Bern
361,3045,Bern
362,3046,Bern
363,3036,Bern
364,3271,Bern
365,3053,Bern
366,3251,Bern
367,3254,Bern
368,3255,Bern
369,3256,Bern
371,3054,Bern
372,3035,Bern
373,3266,Bern
375,3268,Bern
377,4912,Bern
378,4922,Bern
379,4938,Bern
380,4944,Bern
382,4913,Bern
383,3368,Bern
384,4917,Bern
385,4955,Bern
386,4900,Bern
387,4916,Bern
388,4924,Bern
390,4932,Bern
391,4919,Bern
393,4934,Bern
394,4935,Bern
395,4936,Bern
397,6146,Bern
398,6147,Bern
400,4943,Bern
402,4914,Bern
405,4933,Bern
406,4911,Bern
409,4937,Bern
410,4942,Bern
412,4853,Bern
413,4923,Bern
414,3004,Bern
415,3005,Bern
416,3006,Bern
417,3007,Bern
418,3008,Bern
419,3010,Bern
420,3011,Bern
421,3012,Bern
422,3013,Bern
423,3014,Bern
424,3015,Bern
425,3018,Bern
426,3019,Bern
427,3020,Bern
428,3027,Bern
429,3032,Bern
430,3037,Bern
431,3048,Bern
432,3063,Bern
433,3072,Bern
434,3073,Bern
435,3084,Bern
436,3097,Bern
437,3065,Bern
438,3066,Bern
439,3326,Bern
440,3047,Bern
442,3038,Bern
446,3095,Bern
448,3098,Bern
449,3122,Bern
450,3144,Bern
451,3145,Bern
452,3147,Bern
453,3172,Bern
454,3173,Bern
455,3174,Bern
457,3074,Bern
458,3076,Bern
459,3086,Bern
460,3096,Bern
464,3067,Bern
468,3068,Bern
470,3513,Bern
472,3033,Bern
473,3034,Bern
478,3043,Bern
479,3044,Bern
481,3049,Bern
482,3052,Bern
490,2500,Bern
491,2502,Bern
492,2503,Bern
493,2504,Bern
494,2505,Bern
495,2532,Bern
497,2533,Bern
498,3296,Bern
499,3263,Bern
500,3294,Bern
501,3264,Bern
502,3293,Bern
504,2543,Bern
505,3297,Bern
507,2554,Bern
508,3298,Bern
509,2542,Bern
510,3295,Bern
512,3426,Bern
513,3473,Bern
514,3323,Bern
515,3400,Bern
516,3413,Bern
517,3414,Bern
518,3472,Bern
519,3422,Bern
520,3423,Bern
521,3424,Bern
522,3425,Bern
524,3415,Bern
525,3419,Bern
526,3432,Bern
527,3433,Bern
529,3412,Bern
532,3416,Bern
533,3418,Bern
535,3429,Bern
536,3324,Bern
537,3325,Bern
539,3309,Bern
545,3421,Bern
555,3464,Bern
557,3474,Bern
558,2534,Bern
559,2606,Bern
560,2608,Bern
561,2720,Bern
562,2610,Bern
563,2612,Bern
564,2613,Bern
565,2607,Bern
567,2723,Bern
571,2333,Bern
575,2535,Bern
576,2616,Bern
577,2536,Bern
578,2538,Bern
579,2603,Bern
580,2345,Bern
582,2605,Bern
588,2615,Bern
590,2722,Bern
597,2537,Bern
600,2604,Bern
601,2732,Bern
602,2735,Bern
603,3237,Bern
604,3232,Bern
605,3233,Bern
606,3235,Bern
607,2577,Bern
608,2525,Bern
610,3238,Bern
611,3236,Bern
614,2575,Bern
615,2576,Bern
616,3225,Bern
621,3234,Bern
622,3314,Bern
623,3315,Bern
624,4573,Bern
627,3306,Bern
628,3308,Bern
630,3312,Bern
631,3313,Bern
633,3317,Bern
634,3303,Bern
635,3305,Bern
637,3322,Bern
639,3302,Bern
644,3427,Bern
647,3428,Bern
648,4564,Bern
650,3715,Bern
651,3725,Bern
652,3702,Bern
653,3703,Bern
654,3704,Bern
655,3711,Bern
656,3713,Bern
657,3714,Bern
659,3716,Bern
660,3724,Bern
663,3717,Bern
664,3718,Bern
669,3722,Bern
670,3723,Bern
671,3800,Bern
672,3803,Bern
673,3806,Bern
674,3855,Bern
675,3856,Bern
677,3706,Bern
678,3707,Bern
679,3816,Bern
680,3818,Bern
681,3823,Bern
683,3813,Bern
684,3814,Bern
685,3815,Bern
686,3804,Bern
687,3858,Bern
689,3807,Bern
690,3822,Bern
692,3824,Bern
693,3825,Bern
694,3826,Bern
698,3853,Bern
699,3854,Bern
701,3805,Bern
702,3852,Bern
707,3812,Bern
709,3507,Bern
710,3508,Bern
712,3531,Bern
713,3533,Bern
714,3534,Bern
715,3538,Bern
716,3673,Bern
717,3671,Bern
718,3510,Bern
719,3082,Bern
720,3506,Bern
723,3114,Bern
724,3629,Bern
725,3503,Bern
727,3434,Bern
730,3615,Bern
731,3672,Bern
734,3532,Bern
735,3083,Bern
736,3110,Bern
737,3111,Bern
738,3504,Bern
740,3674,Bern
745,3112,Bern
746,3113,Bern
748,3512,Bern
751,3075,Bern
753,3077,Bern
754,3078,Bern
768,1595,Bern
769,3177,Bern
770,3205,Bern
771,3206,Bern
775,3202,Bern
776,3208,Bern
777,3210,Bern
778,3179,Bern
781,3203,Bern
782,3204,Bern
784,1797,Bern
786,3176,Bern
790,2744,Bern
792,2747,Bern
794,2738,Bern
795,2746,Bern
797,4716,Bern
798,2743,Bern
799,2745,Bern
801,2740,Bern
803,2742,Bern
804,2748,Bern
805,2710,Bern
808,2762,Bern
809,2712,Bern
810,2713,Bern
814,2827,Bern
816,2736,Bern
819,2717,Bern
821,2715,Bern
822,2716,Bern
825,2733,Bern
827,2514,Bern
828,2520,Bern
829,2523,Bern
830,2518,Bern
833,2515,Bern
834,2516,Bern
835,2517,Bern
837,2558,Bern
838,2562,Bern
839,2563,Bern
840,2564,Bern
843,2552,Bern
844,2555,Bern
845,3274,Bern
846,3272,Bern
849,2565,Bern
851,2513,Bern
854,2572,Bern
855,2560,Bern
860,2553,Bern
861,2556,Bern
870,2512,Bern
874,3763,Bern
875,3764,Bern
876,3753,Bern
877,3754,Bern
878,3755,Bern
879,3756,Bern
880,3757,Bern
882,3758,Bern
883,3762,Bern
885,3765,Bern
886,3766,Bern
887,3647,Bern
888,3645,Bern
889,3646,Bern
890,3700,Bern
893,3705,Bern
895,3752,Bern
896,3631,Bern
897,3632,Bern
898,3864,Bern
899,6083,Bern
900,6084,Bern
901,6085,Bern
902,6086,Bern
903,3862,Bern
904,3863,Bern
906,3857,Bern
907,3860,Bern
909,1657,Bern
911,3770,Bern
912,3773,Bern
913,3775,Bern
914,3772,Bern
917,3771,Bern
918,3776,Bern
919,3777,Bern
920,3784,Bern
921,3785,Bern
922,3782,Bern
925,3778,Bern
926,3780,Bern
927,3781,Bern
928,3783,Bern
929,3792,Bern
930,1738,Bern
931,3150,Bern
932,3156,Bern
933,3157,Bern
934,3158,Bern
935,3159,Bern
937,3099,Bern
938,3152,Bern
939,3153,Bern
940,3154,Bern
943,3148,Bern
948,3183,Bern
950,3115,Bern
952,3123,Bern
953,3124,Bern
954,3125,Bern
955,3664,Bern
956,3665,Bern
958,3663,Bern
961,3126,Bern
965,3116,Bern
969,3128,Bern
970,3127,Bern
974,3087,Bern
976,3132,Bern
977,3155,Bern
980,3088,Bern
981,3089,Bern
988,3662,Bern
991,3628,Bern
997,3536,Bern
998,3537,Bern
999,3550,Bern
1000,3618,Bern
1001,6197,Bern
1002,3535,Bern
1003,3543,Bern
1005,3551,Bern
1006,3552,Bern
1007,3553,Bern
1008,3555,Bern
1010,3436,Bern
1011,3438,Bern
1023,3437,Bern
1025,3439,Bern
1026,3453,Bern
1034,3556,Bern
1035,3557,Bern
1039,3633,Bern
1040,3638,Bern
1041,3614,Bern
1045,3616,Bern
1046,3619,Bern
1048,3612,Bern
1049,3617,Bern
1050,3625,Bern
1051,3613,Bern
1052,3627,Bern
1054,3600,Bern
1056,3626,Bern
1057,3652,Bern
1058,3622,Bern
1059,3624,Bern
1061,3623,Bern
1063,3653,Bern
1064,3654,Bern
1073,3655,Bern
1074,3656,Bern
1075,3657,Bern
1076,3658,Bern
1083,3634,Bern
1084,3635,Bern
1085,3636,Bern
1087,3603,Bern
1088,3604,Bern
1089,3608,Bern
1096,3661,Bern
1107,3462,Bern
1108,3463,Bern
1112,3465,Bern
1114,4952,Bern
1116,4950,Bern
1118,4953,Bern
1126,3435,Bern
1128,3452,Bern
1130,3454,Bern
1131,3456,Bern
1134,3417,Bern
1139,3455,Bern
1140,3457,Bern
1143,4954,Bern
1154,4536,Bern
1155,3376,Bern
1156,3366,Bern
1157,4539,Bern
1159,3372,Bern
1160,3373,Bern
1161,3360,Bern
1162,3363,Bern
1163,3375,Bern
1164,4704,Bern
1165,3362,Bern
1166,4556,Bern
1167,4538,Bern
1168,3367,Bern
1169,3476,Bern
1171,3365,Bern
1173,3475,Bern
1178,3380,Bern
1179,3377,Bern
1182,3374,Bern
1184,4537,Bern
1187,6110,Luzern
1188,6112,Luzern
1189,6105,Luzern
1191,6162,Luzern
1192,6163,Luzern
1193,6166,Luzern
1194,6170,Luzern
1195,6173,Luzern
1196,6174,Luzern
1197,6192,Luzern
1203,6113,Luzern
1205,6167,Luzern
1209,6106,Luzern
1214,6182,Luzern
1216,6196,Luzern
1218,6287,Luzern
1219,6286,Luzern
1220,6034,Luzern
1221,6274,Luzern
1222,6275,Luzern
1223,6020,Luzern
1224,6023,Luzern
1225,6032,Luzern
1226,6206,Luzern
1227,6294,Luzern
1228,6026,Luzern
1231,6284,Luzern
1232,6285,Luzern
1233,6288,Luzern
1234,6289,Luzern
1235,6295,Luzern
1238,6280,Luzern
1239,6283,Luzern
1241,6276,Luzern
1242,6277,Luzern
1246,6038,Luzern
1249,6027,Luzern
1250,6028,Luzern
1258,6030,Luzern
1259,6043,Luzern
1261,6033,Luzern
1262,6035,Luzern
1263,6036,Luzern
1264,6004,Luzern
1265,6006,Luzern
1270,6353,Luzern
1271,6404,Luzern
1273,6005,Luzern
1274,6047,Luzern
1275,6048,Luzern
1276,6052,Luzern
1278,6010,Luzern
1279,6012,Luzern
1280,6013,Luzern
1282,6000,Luzern
1283,6003,Luzern
1287,6014,Luzern
1288,6015,Luzern
1289,6016,Luzern
1293,6019,Luzern
1294,6102,Luzern
1296,6045,Luzern
1297,6344,Luzern
1299,6037,Luzern
1301,6039,Luzern
1302,6044,Luzern
1304,6103,Luzern
1306,6354,Luzern
1307,6356,Luzern
1311,6025,Luzern
1313,6215,Luzern
1314,6221,Luzern
1315,6222,Luzern
1316,6233,Luzern
1317,6018,Luzern
1318,6022,Luzern
1319,6205,Luzern
1320,6214,Luzern
1321,6232,Luzern
1323,6024,Luzern
1324,6212,Luzern
1325,6213,Luzern
1326,6210,Luzern
1328,6216,Luzern
1329,6242,Luzern
1332,6203,Luzern
1333,6204,Luzern
1335,6207,Luzern
1339,6208,Luzern
1342,5735,Luzern
1345,6017,Luzern
1356,6231,Luzern
1360,6234,Luzern
1361,6235,Luzern
1362,6236,Luzern
1364,6114,Luzern
1365,6122,Luzern
1366,6248,Luzern
1368,6244,Luzern
1369,6246,Luzern
1370,6263,Luzern
1371,6211,Luzern
1374,6252,Luzern
1375,6253,Luzern
1376,6260,Luzern
1377,6144,Luzern
1379,6245,Luzern
1380,6247,Luzern
1381,6243,Luzern
1383,6217,Luzern
1384,6218,Luzern
1385,6145,Luzern
1386,6152,Luzern
1387,6142,Luzern
1388,6143,Luzern
1392,6125,Luzern
1393,6130,Luzern
1394,6132,Luzern
1395,6133,Luzern
1396,6156,Luzern
1398,6153,Luzern
1399,6154,Luzern
1403,6123,Luzern
1407,4915,Luzern
1409,6264,Luzern
1410,6265,Luzern
1413,6262,Luzern
1422,4806,Luzern
1429,6126,Luzern
1437,6460,Uri
1438,6490,Uri
1439,6390,Uri
1440,6468,Uri
1441,6466,Uri
1442,6436,Uri
1444,6463,Uri
1445,6464,Uri
1446,6469,Uri
1447,6472,Uri
1448,6454,Uri
1450,6487,Uri
1451,6473,Uri
1452,6474,Uri
1453,6476,Uri
1454,6482,Uri
1455,6493,Uri
1456,6461,Uri
1457,6491,Uri
1458,6467,Uri
1460,6462,Uri
1461,6377,Uri
1462,6441,Uri
1466,6475,Uri
1468,6452,Uri
1470,8751,Uri
1472,6465,Uri
1473,6484,Uri
1474,6485,Uri
1475,8836,Schwyz
1476,8840,Schwyz
1477,8841,Schwyz
1478,8844,Schwyz
1479,8846,Schwyz
1480,8847,Schwyz
1482,6410,Schwyz
1483,6442,Schwyz
1484,8832,Schwyz
1485,8834,Schwyz
1486,8835,Schwyz
1489,8640,Schwyz
1490,8806,Schwyz
1491,8807,Schwyz
1492,8808,Schwyz
1498,6402,Schwyz
1499,6403,Schwyz
1500,6405,Schwyz
1502,8852,Schwyz
1503,8853,Schwyz
1504,8854,Schwyz
1505,8858,Schwyz
1507,8864,Schwyz
1509,8855,Schwyz
1510,8862,Schwyz
1511,8863,Schwyz
1512,8730,Schwyz
1514,8856,Schwyz
1515,8857,Schwyz
1519,6430,Schwyz
1520,6432,Schwyz
1521,8849,Schwyz
1522,6318,Schwyz
1525,6414,Schwyz
1526,6415,Schwyz
1527,6416,Schwyz
1528,6434,Schwyz
1529,6423,Schwyz
1530,6440,Schwyz
1531,6424,Schwyz
1532,6433,Schwyz
1534,6443,Schwyz
1538,8750,Schwyz
1539,8842,Schwyz
1540,8843,Schwyz
1542,6418,Schwyz
1543,6315,Schwyz
1544,6417,Schwyz
1546,6422,Schwyz
1551,6438,Schwyz
1559,8845,Schwyz
1561,6053,Obwalden
1562,6055,Obwalden
1563,6388,Obwalden
1565,6074,Obwalden
1566,6064,Obwalden
1567,6066,Obwalden
1568,6067,Obwalden
1569,6068,Obwalden
1570,6078,Obwalden
1572,6072,Obwalden
1573,6073,Obwalden
1575,6056,Obwalden
1576,6060,Obwalden
1577,6062,Obwalden
1578,6063,Obwalden
1579,6375,Nidwalden
1580,6376,Nidwalden
1581,6374,Nidwalden
1582,6383,Nidwalden
1585,6363,Nidwalden
1586,6373,Nidwalden
1588,6362,Nidwalden
1589,6372,Nidwalden
1593,6370,Nidwalden
1595,6382,Nidwalden
1602,6365,Nidwalden
1604,6386,Nidwalden
1605,6387,Nidwalden
1608,8752,Glarus
1609,8753,Glarus
1610,8754,Glarus
1611,8757,Glarus
1612,8758,Glarus
1613,8865,Glarus
1614,8866,Glarus
1615,8867,Glarus
1616,8868,Glarus
1617,8872,Glarus
1618,8874,Glarus
1620,8755,Glarus
1621,8756,Glarus
1622,8762,Glarus
1623,8765,Glarus
1624,8766,Glarus
1625,8767,Glarus
1626,8772,Glarus
1627,8773,Glarus
1628,8774,Glarus
1629,8775,Glarus
1630,8777,Glarus
1631,8782,Glarus
1632,8783,Glarus
1633,8784,Glarus
1637,6300,Zug
1638,6312,Zug
1639,6314,Zug
1640,6319,Zug
1642,6345,Zug
1643,6330,Zug
1644,6331,Zug
1645,6332,Zug
1646,5642,Zug
1649,6333,Zug
1650,6313,Zug
1661,6343,Zug
1669,6317,Zug
1672,1473,Freiburg
1673,1529,Freiburg
1674,1534,Freiburg
1675,1482,Freiburg
1676,1483,Freiburg
1677,1532,Freiburg
1678,1544,Freiburg
1679,1470,Freiburg
1681,1533,Freiburg
1682,1562,Freiburg
1683,1774,Freiburg
1684,1775,Freiburg
1685,1776,Freiburg
1686,1485,Freiburg
1687,1410,Freiburg
1688,1566,Freiburg
1689,1541,Freiburg
1690,1525,Freiburg
1691,1527,Freiburg
1692,1528,Freiburg
1693,1565,Freiburg
1695,1484,Freiburg
1697,1567,Freiburg
1698,1568,Freiburg
1699,1563,Freiburg
1700,1564,Freiburg
1701,1580,Freiburg
1702,1772,Freiburg
1703,1773,Freiburg
1707,1475,Freiburg
1708,1486,Freiburg
1709,1489,Freiburg
1711,1542,Freiburg
1712,1468,Freiburg
1713,1474,Freiburg
1714,1673,Freiburg
1715,1681,Freiburg
1716,1608,Freiburg
1717,1689,Freiburg
1718,1553,Freiburg
1719,1085,Freiburg
1721,1686,Freiburg
1722,1692,Freiburg
1723,1680,Freiburg
1724,1684,Freiburg
1725,1674,Freiburg
1728,1675,Freiburg
1729,1676,Freiburg
1730,1677,Freiburg
1731,1678,Freiburg
1732,1679,Freiburg
1734,1670,Freiburg
1737,1690,Freiburg
1738,1685,Freiburg
1740,1687,Freiburg
1741,1688,Freiburg
1742,1697,Freiburg
1744,1694,Freiburg
1745,1748,Freiburg
1746,1749,Freiburg
1749,1691,Freiburg
1750,1669,Freiburg
1751,1643,Freiburg
1752,1644,Freiburg
1753,1645,Freiburg
1754,1652,Freiburg
1755,1636,Freiburg
1756,1653,Freiburg
1757,1630,Freiburg
1758,1635,Freiburg
1760,1646,Freiburg
1761,1647,Freiburg
1762,1651,Freiburg
1765,1666,Freiburg
1768,1661,Freiburg
1769,1663,Freiburg
1770,1634,Freiburg
1771,1648,Freiburg
1772,1656,Freiburg
1773,1716,Freiburg
1774,1633,Freiburg
1775,1638,Freiburg
1778,1649,Freiburg
1779,1628,Freiburg
1780,1632,Freiburg
1782,1733,Freiburg
1783,1625,Freiburg
1784,1626,Freiburg
1785,1642,Freiburg
1786,1627,Freiburg
1789,1665,Freiburg
1791,1667,Freiburg
1792,1637,Freiburg
1793,1654,Freiburg
1795,1725,Freiburg
1796,1732,Freiburg
1797,1742,Freiburg
1798,1745,Freiburg
1799,1754,Freiburg
1800,1720,Freiburg
1801,1782,Freiburg
1802,1744,Freiburg
1804,1753,Freiburg
1805,1747,Freiburg
1806,1741,Freiburg
1807,1731,Freiburg
1808,1724,Freiburg
1809,1700,Freiburg
1810,1722,Freiburg
1811,1762,Freiburg
1812,1763,Freiburg
1814,1723,Freiburg
1817,1740,Freiburg
1818,1757,Freiburg
1822,1746,Freiburg
1828,1752,Freiburg
1831,1730,Freiburg
1833,1756,Freiburg
1835,1695,Freiburg
1836,1696,Freiburg
1837,1726,Freiburg
1838,1727,Freiburg
1839,1728,Freiburg
1840,1796,Freiburg
1841,3280,Freiburg
1842,1583,Freiburg
1843,1783,Freiburg
1844,1784,Freiburg
1845,1791,Freiburg
1846,1795,Freiburg
1847,3212,Freiburg
1848,1785,Freiburg
1849,3284,Freiburg
1850,3285,Freiburg
1851,3215,Freiburg
1853,1792,Freiburg
1858,3213,Freiburg
1863,1721,Freiburg
1864,3286,Freiburg
1865,1793,Freiburg
1866,1794,Freiburg
1872,3216,Freiburg
1873,3214,Freiburg
1874,1786,Freiburg
1875,1787,Freiburg
1876,1788,Freiburg
1877,1789,Freiburg
1878,1712,Freiburg
1879,1713,Freiburg
1880,1715,Freiburg
1881,1717,Freiburg
1882,1719,Freiburg
1884,3186,Freiburg
1885,1735,Freiburg
1886,3178,Freiburg
1887,3184,Freiburg
1888,3185,Freiburg
1889,1714,Freiburg
1893,1737,Freiburg
1894,1718,Freiburg
1899,3182,Freiburg
1902,1734,Freiburg
1903,1736,Freiburg
1916,3175,Freiburg
1920,1612,Freiburg
1921,1616,Freiburg
1922,1617,Freiburg
1923,1808,Freiburg
1924,1615,Freiburg
1925,1618,Freiburg
1926,1619,Freiburg
1927,1614,Freiburg
1930,1609,Freiburg
1931,1623,Freiburg
1932,1624,Freiburg
1934,1699,Freiburg
1935,1611,Freiburg
1937,4622,Solothurn
1938,4624,Solothurn
1939,4703,Solothurn
1940,4623,Solothurn
1941,4626,Solothurn
1942,4625,Solothurn
1943,4718,Solothurn
1944,4702,Solothurn
1945,4710,Solothurn
1946,4628,Solothurn
1948,4714,Solothurn
1949,4717,Solothurn
1950,4719,Solothurn
1954,4715,Solothurn
1955,4438,Solothurn
1958,4712,Solothurn
1960,4713,Solothurn
1962,4229,Solothurn
1963,4418,Solothurn
1967,4585,Solothurn
1968,4571,Solothurn
1969,4584,Solothurn
1971,3307,Solothurn
1972,4588,Solothurn
1973,3253,Solothurn
1975,4574,Solothurn
1976,4576,Solothurn
1977,4577,Solothurn
1978,4578,Solothurn
1979,4579,Solothurn
1980,4581,Solothurn
1981,4582,Solothurn
1982,4583,Solothurn
1983,4586,Solothurn
1984,4587,Solothurn
1986,4112,Solothurn
1987,4413,Solothurn
1988,4143,Solothurn
1989,4145,Solothurn
1990,4146,Solothurn
1992,4114,Solothurn
1993,4115,Solothurn
1995,4116,Solothurn
1996,4412,Solothurn
1997,4421,Solothurn
1998,4118,Solothurn
1999,4206,Solothurn
2000,4108,Solothurn
2002,4632,Solothurn
2003,4633,Solothurn
2004,4468,Solothurn
2005,4634,Solothurn
2006,4654,Solothurn
2007,5013,Solothurn
2008,4653,Solothurn
2009,4655,Solothurn
2011,4600,Solothurn
2014,4652,Solothurn
2017,5015,Solothurn
2018,5017,Solothurn
2020,4500,Solothurn
2021,4528,Solothurn
2022,4562,Solothurn
2025,4542,Solothurn
2026,4543,Solothurn
2027,4552,Solothurn
2028,4554,Solothurn
2029,4563,Solothurn
2030,4566,Solothurn
2031,4557,Solothurn
2041,4565,Solothurn
2042,4553,Solothurn
2044,4558,Solothurn
2045,4524,Solothurn
2046,4525,Solothurn
2048,4512,Solothurn
2049,2544,Solothurn
2050,4532,Solothurn
2051,4534,Solothurn
2053,2540,Solothurn
2056,4535,Solothurn
2059,4513,Solothurn
2061,4514,Solothurn
2062,4515,Solothurn
2063,4522,Solothurn
2064,4523,Solothurn
2065,4533,Solothurn
2069,2545,Solothurn
2071,4618,Solothurn
2072,4658,Solothurn
2073,4657,Solothurn
2074,5746,Solothurn
2075,5012,Solothurn
2076,4629,Solothurn
2078,5014,Solothurn
2079,4614,Solothurn
2080,4616,Solothurn
2081,4617,Solothurn
2084,4615,Solothurn
2088,4612,Solothurn
2089,4663,Solothurn
2090,4613,Solothurn
2093,4656,Solothurn
2099,4252,Solothurn
2100,4253,Solothurn
2103,4226,Solothurn
2104,4227,Solothurn
2105,4228,Solothurn
2106,4233,Solothurn
2107,4232,Solothurn
2108,4247,Solothurn
2109,4204,Solothurn
2110,2814,Solothurn
2111,4245,Solothurn
2114,4208,Solothurn
2115,4234,Solothurn
2116,4001,Basel-Stadt
2117,4031,Basel-Stadt
2118,4051,Basel-Stadt
2119,4052,Basel-Stadt
2120,4053,Basel-Stadt
2121,4054,Basel-Stadt
2122,4055,Basel-Stadt
2123,4056,Basel-Stadt
2124,4057,Basel-Stadt
2125,4058,Basel-Stadt
2126,4059,Basel-Stadt
2127,4126,Basel-Stadt
2129,4125,Basel-Stadt
2130,4147,Basel-Landschaft
2131,4153,Basel-Landschaft
2132,4202,Basel-Landschaft
2133,4123,Basel-Landschaft
2134,4144,Basel-Landschaft
2135,4105,Basel-Landschaft
2137,4101,Basel-Landschaft
2138,4102,Basel-Landschaft
2139,4127,Basel-Landschaft
2142,4103,Basel-Landschaft
2143,4107,Basel-Landschaft
2145,4142,Basel-Landschaft
2148,4132,Basel-Landschaft
2149,4133,Basel-Landschaft
2151,4104,Basel-Landschaft
2153,4148,Basel-Landschaft
2156,4124,Basel-Landschaft
2157,4106,Basel-Landschaft
2159,4223,Basel-Landschaft
2160,4225,Basel-Landschaft
2161,4242,Basel-Landschaft
2162,4117,Basel-Landschaft
2163,4243,Basel-Landschaft
2165,4203,Basel-Landschaft
2167,4246,Basel-Landschaft
2170,4254,Basel-Landschaft
2171,4224,Basel-Landschaft
2174,4244,Basel-Landschaft
2176,4222,Basel-Landschaft
2178,4305,Basel-Landschaft
2179,4422,Basel-Landschaft
2181,4302,Basel-Landschaft
2182,4303,Basel-Landschaft
2183,4410,Basel-Landschaft
2184,4416,Basel-Landschaft
2186,4402,Basel-Landschaft
2187,4414,Basel-Landschaft
2189,4304,Basel-Landschaft
2190,4423,Basel-Landschaft
2191,4415,Basel-Landschaft
2192,4452,Basel-Landschaft
2196,4419,Basel-Landschaft
2200,4433,Basel-Landschaft
2201,4411,Basel-Landschaft
2203,4417,Basel-Landschaft
2204,4469,Basel-Landschaft
2205,4450,Basel-Landschaft
2206,4461,Basel-Landschaft
2207,4444,Basel-Landschaft
2208,4445,Basel-Landschaft
2209,4446,Basel-Landschaft
2210,4447,Basel-Landschaft
2211,4462,Basel-Landschaft
2212,4463,Basel-Landschaft
2213,4442,Basel-Landschaft
2215,4460,Basel-Landschaft
2217,4448,Basel-Landschaft
2218,4465,Basel-Landschaft
2219,4466,Basel-Landschaft
2223,4493,Basel-Landschaft
2224,4496,Basel-Landschaft
2227,4458,Basel-Landschaft
2229,4451,Basel-Landschaft
2230,4464,Basel-Landschaft
2231,4453,Basel-Landschaft
2232,4494,Basel-Landschaft
2237,4467,Basel-Landschaft
2239,4497,Basel-Landschaft
2241,4492,Basel-Landschaft
2242,4443,Basel-Landschaft
2243,4456,Basel-Landschaft
2244,4441,Basel-Landschaft
2247,4495,Basel-Landschaft
2253,4455,Basel-Landschaft
2254,4424,Basel-Landschaft
2255,4425,Basel-Landschaft
2256,4431,Basel-Landschaft
2257,4434,Basel-Landschaft
2258,4457,Basel-Landschaft
2259,4207,Basel-Landschaft
2267,4432,Basel-Landschaft
2271,4426,Basel-Landschaft
2273,4436,Basel-Landschaft
2276,4435,Basel-Landschaft
2280,4437,Basel-Landschaft
2286,8214,Schaffhausen
2287,8225,Schaffhausen
2288,8226,Schaffhausen
2289,8224,Schaffhausen
2290,8213,Schaffhausen
2291,8217,Schaffhausen
2292,8223,Schaffhausen
2294,8236,Schaffhausen
2295,8239,Schaffhausen
2296,8235,Schaffhausen
2297,8234,Schaffhausen
2299,8240,Schaffhausen
2300,8241,Schaffhausen
2301,8242,Schaffhausen
2302,8243,Schaffhausen
2303,8233,Schaffhausen
2304,8222,Schaffhausen
2306,8454,Schaffhausen
2307,8232,Schaffhausen
2308,8200,Schaffhausen
2310,8455,Schaffhausen
2312,8203,Schaffhausen
2313,8207,Schaffhausen
2314,8208,Schaffhausen
2317,8231,Schaffhausen
2319,8228,Schaffhausen
2322,8263,Schaffhausen
2323,8261,Schaffhausen
2324,8262,Schaffhausen
2325,8260,Schaffhausen
2326,8215,Schaffhausen
2327,8216,Schaffhausen
2329,8219,Schaffhausen
2331,8218,Schaffhausen
2332,9100,Appenzell Ausserrhoden
2333,9112,Appenzell Ausserrhoden
2334,9527,Appenzell Ausserrhoden
2335,9063,Appenzell Ausserrhoden
2336,9064,Appenzell Ausserrhoden
2337,9107,Appenzell Ausserrhoden
2338,9105,Appenzell Ausserrhoden
2341,9103,Appenzell Ausserrhoden
2342,9104,Appenzell Ausserrhoden
2344,9113,Appenzell Ausserrhoden
2345,9014,Appenzell Ausserrhoden
2353,9043,Appenzell Ausserrhoden
2354,9053,Appenzell Ausserrhoden
2355,9055,Appenzell Ausserrhoden
2358,9056,Appenzell Ausserrhoden
2359,9450,Appenzell Ausserrhoden
2360,9037,Appenzell Ausserrhoden
2361,9042,Appenzell Ausserrhoden
2362,9012,Appenzell Ausserrhoden
2364,9052,Appenzell Ausserrhoden
2367,9062,Appenzell Ausserrhoden
2369,9035,Appenzell Ausserrhoden
2370,9038,Appenzell Ausserrhoden
2371,9036,Appenzell Ausserrhoden
2373,9405,Appenzell Ausserrhoden
2374,9410,Appenzell Ausserrhoden
2375,9413,Appenzell Ausserrhoden
2376,9427,Appenzell Ausserrhoden
2378,9426,Appenzell Ausserrhoden
2380,9034,Appenzell Ausserrhoden
2383,9411,Appenzell Ausserrhoden
2384,9437,Appenzell Ausserrhoden
2386,9044,Appenzell Ausserrhoden
2388,9428,Appenzell Ausserrhoden
2390,9425,Appenzell Ausserrhoden
2393,9050,Appenzell Innerrhoden
2396,9108,Appenzell Innerrhoden
2398,9057,Appenzell Innerrhoden
2399,9058,Appenzell Innerrhoden
2400,9467,Appenzell Innerrhoden
2404,9054,Appenzell Innerrhoden
2416,9442,Appenzell Innerrhoden
2418,9308,St. Gallen
2419,9312,St. Gallen
2420,9315,St. Gallen
2421,8580,St. Gallen
2422,9220,St. Gallen
2424,9313,St. Gallen
2425,9000,St. Gallen
2426,9008,St. Gallen
2427,9010,St. Gallen
2428,9011,St. Gallen
2431,9015,St. Gallen
2432,9016,St. Gallen
2433,9030,St. Gallen
2436,9300,St. Gallen
2441,9305,St. Gallen
2442,9306,St. Gallen
2448,9400,St. Gallen
2449,9402,St. Gallen
2450,9403,St. Gallen
2451,9327,St. Gallen
2454,9404,St. Gallen
2456,9422,St. Gallen
2458,9323,St. Gallen
2459,9326,St. Gallen
2461,9033,St. Gallen
2464,9434,St. Gallen
2465,9435,St. Gallen
2467,9436,St. Gallen
2468,9445,St. Gallen
2473,9443,St. Gallen
2474,9444,St. Gallen
2475,9424,St. Gallen
2480,9430,St. Gallen
2483,9423,St. Gallen
2490,9452,St. Gallen
2491,9453,St. Gallen
2492,9463,St. Gallen
2493,9464,St. Gallen
2498,9451,St. Gallen
2499,9462,St. Gallen
2505,9469,St. Gallen
2506,9470,St. Gallen
2508,9473,St. Gallen
2509,9658,St. Gallen
2512,9472,St. Gallen
2514,9465,St. Gallen
2515,9466,St. Gallen
2517,9468,St. Gallen
2521,9475,St. Gallen
2522,9476,St. Gallen
2524,9477,St. Gallen
2525,9478,St. Gallen
2526,9479,St. Gallen
2527,7310,St. Gallen
2528,7317,St. Gallen
2529,8888,St. Gallen
2530,8890,St. Gallen
2531,8892,St. Gallen
2532,8893,St. Gallen
2533,8894,St. Gallen
2534,8895,St. Gallen
2535,8896,St. Gallen
2536,8897,St. Gallen
2537,8898,St. Gallen
2538,7325,St. Gallen
2539,7326,St. Gallen
2540,8886,St. Gallen
2541,8887,St. Gallen
2543,8889,St. Gallen
2544,7312,St. Gallen
2545,7313,St. Gallen
2546,7314,St. Gallen
2547,7315,St. Gallen
2549,8877,St. Gallen
2550,8878,St. Gallen
2551,8882,St. Gallen
2552,8883,St. Gallen
2553,8884,St. Gallen
2554,8885,St. Gallen
2557,7320,St. Gallen
2559,7323,St. Gallen
2560,7324,St. Gallen
2562,8880,St. Gallen
2563,8881,St. Gallen
2569,8873,St. Gallen
2570,8717,St. Gallen
2572,8722,St. Gallen
2573,8737,St. Gallen
2574,8738,St. Gallen
2575,8739,St. Gallen
2576,8718,St. Gallen
2578,8723,St. Gallen
2581,8716,St. Gallen
2588,8645,St. Gallen
2589,8646,St. Gallen
2591,8715,St. Gallen
2592,8734,St. Gallen
2593,8725,St. Gallen
2594,8726,St. Gallen
2601,8638,St. Gallen
2603,8727,St. Gallen
2604,8732,St. Gallen
2605,8733,St. Gallen
2607,8735,St. Gallen
2608,9633,St. Gallen
2609,9642,St. Gallen
2610,9643,St. Gallen
2612,9656,St. Gallen
2613,9657,St. Gallen
2618,9650,St. Gallen
2619,9651,St. Gallen
2620,9652,St. Gallen
2621,9655,St. Gallen
2623,9127,St. Gallen
2625,9620,St. Gallen
2626,9122,St. Gallen
2627,9125,St. Gallen
2628,9126,St. Gallen
2630,9621,St. Gallen
2634,9114,St. Gallen
2635,9115,St. Gallen
2636,9116,St. Gallen
2638,9123,St. Gallen
2643,9630,St. Gallen
2645,9615,St. Gallen
2647,9622,St. Gallen
2649,9631,St. Gallen
2652,8376,St. Gallen
2653,9500,St. Gallen
2654,9532,St. Gallen
2655,9533,St. Gallen
2656,9534,St. Gallen
2657,9601,St. Gallen
2658,9602,St. Gallen
2659,9613,St. Gallen
2661,9243,St. Gallen
2664,9604,St. Gallen
2665,9608,St. Gallen
2669,9607,St. Gallen
2670,9612,St. Gallen
2672,9614,St. Gallen
2676,9606,St. Gallen
2684,9230,St. Gallen
2686,9200,St. Gallen
2688,9231,St. Gallen
2689,9242,St. Gallen
2692,9536,St. Gallen
2695,9240,St. Gallen
2697,9244,St. Gallen
2698,9248,St. Gallen
2703,9247,St. Gallen
2704,9249,St. Gallen
2707,9203,St. Gallen
2708,9246,St. Gallen
2709,9223,St. Gallen
2710,9245,St. Gallen
2711,9524,St. Gallen
2712,9525,St. Gallen
2713,9526,St. Gallen
2720,9515,St. Gallen
2721,9523,St. Gallen
2724,9512,St. Gallen
2725,9514,St. Gallen
2728,9543,St. Gallen
2729,9552,St. Gallen
2730,9204,St. Gallen
2731,9212,St. Gallen
2733,9032,St. Gallen
2742,9205,St. Gallen
2743,9213,St. Gallen
2746,9304,St. Gallen
2747,7076,Graubünden
2748,7077,Graubünden
2749,7078,Graubünden
2750,7082,Graubünden
2751,7450,Graubünden
2752,7083,Graubünden
2753,7493,Graubünden
2754,7084,Graubünden
2756,7451,Graubünden
2757,7458,Graubünden
2758,7459,Graubünden
2759,7472,Graubünden
2760,7473,Graubünden
2761,7492,Graubünden
2762,7452,Graubünden
2763,7453,Graubünden
2764,7454,Graubünden
2765,7455,Graubünden
2766,7456,Graubünden
2767,7457,Graubünden
2768,7460,Graubünden
2769,7462,Graubünden
2770,7463,Graubünden
2771,7464,Graubünden
2772,7477,Graubünden
2773,7482,Graubünden
2774,7484,Graubünden
2775,7494,Graubünden
2776,7743,Graubünden
2777,7744,Graubünden
2778,7747,Graubünden
2779,7748,Graubünden
2780,7710,Graubünden
2781,7741,Graubünden
2782,7742,Graubünden
2784,7745,Graubünden
2785,7746,Graubünden
2786,7032,Graubünden
2787,7153,Graubünden
2788,7031,Graubünden
2790,7152,Graubünden
2791,7151,Graubünden
2792,7116,Graubünden
2793,7132,Graubünden
2794,7110,Graubünden
2795,7113,Graubünden
2796,7114,Graubünden
2797,7115,Graubünden
2799,7142,Graubünden
2800,7143,Graubünden
2801,7144,Graubünden
2802,7145,Graubünden
2803,7146,Graubünden
2804,7147,Graubünden
2805,7148,Graubünden
2806,7149,Graubünden
2807,7111,Graubünden
2808,7112,Graubünden
2809,7126,Graubünden
2810,7127,Graubünden
2811,7128,Graubünden
2812,7130,Graubünden
2813,7141,Graubünden
2814,7154,Graubünden
2815,7155,Graubünden
2816,7156,Graubünden
2817,7157,Graubünden
2818,7413,Graubünden
2819,7414,Graubünden
2820,7405,Graubünden
2821,7412,Graubünden
2822,7411,Graubünden
2824,7408,Graubünden
2825,7415,Graubünden
2826,7421,Graubünden
2827,7422,Graubünden
2828,7423,Graubünden
2829,7424,Graubünden
2830,7426,Graubünden
2832,7425,Graubünden
2833,7430,Graubünden
2834,7431,Graubünden
2835,7428,Graubünden
2836,7427,Graubünden
2837,7104,Graubünden
2838,7106,Graubünden
2839,7107,Graubünden
2840,7109,Graubünden
2841,7122,Graubünden
2842,7402,Graubünden
2843,7404,Graubünden
2844,7407,Graubünden
2846,7416,Graubünden
2847,7417,Graubünden
2848,7418,Graubünden
2849,7419,Graubünden
2850,7446,Graubünden
2851,7447,Graubünden
2852,7448,Graubünden
2853,7434,Graubünden
2854,7440,Graubünden
2855,7442,Graubünden
2856,7443,Graubünden
2857,7433,Graubünden
2862,7432,Graubünden
2863,7444,Graubünden
2864,7445,Graubünden
2865,7435,Graubünden
2866,7436,Graubünden
2867,7437,Graubünden
2868,7438,Graubünden
2870,7012,Graubünden
2871,7013,Graubünden
2872,7015,Graubünden
2873,7403,Graubünden
2875,7017,Graubünden
2876,7018,Graubünden
2877,7019,Graubünden
2880,7014,Graubünden
2882,7016,Graubünden
2883,7527,Graubünden
2884,7530,Graubünden
2885,7542,Graubünden
2886,7543,Graubünden
2887,7562,Graubünden
2888,7563,Graubünden
2889,7545,Graubünden
2890,7546,Graubünden
2891,7550,Graubünden
2892,7551,Graubünden
2893,7552,Graubünden
2894,7553,Graubünden
2895,7554,Graubünden
2896,7556,Graubünden
2897,7557,Graubünden
2898,7558,Graubünden
2899,7559,Graubünden
2900,7560,Graubünden
2901,7502,Graubünden
2902,7500,Graubünden
2903,7504,Graubünden
2904,7505,Graubünden
2905,7523,Graubünden
2907,7522,Graubünden
2908,7503,Graubünden
2911,7512,Graubünden
2912,7525,Graubünden
2913,7526,Graubünden
2914,7514,Graubünden
2915,7515,Graubünden
2916,7517,Graubünden
2918,7513,Graubünden
2919,7524,Graubünden
2921,7516,Graubünden
2922,7602,Graubünden
2923,7603,Graubünden
2924,7604,Graubünden
2925,7605,Graubünden
2926,7606,Graubünden
2927,7608,Graubünden
2928,7610,Graubünden
2929,6542,Graubünden
2930,6537,Graubünden
2931,6540,Graubünden
2932,6548,Graubünden
2933,6541,Graubünden
2934,6558,Graubünden
2935,6563,Graubünden
2936,6565,Graubünden
2937,6562,Graubünden
2938,6557,Graubünden
2940,6538,Graubünden
2941,6556,Graubünden
2943,6535,Graubünden
2944,6549,Graubünden
2945,6534,Graubünden
2946,6543,Graubünden
2947,6544,Graubünden
2948,6545,Graubünden
2949,6546,Graubünden
2950,7532,Graubünden
2951,7533,Graubünden
2952,7534,Graubünden
2953,7535,Graubünden
2954,7536,Graubünden
2955,7537,Graubünden
2956,7260,Graubünden
2957,7265,Graubünden
2958,7270,Graubünden
2959,7272,Graubünden
2960,7276,Graubünden
2961,7277,Graubünden
2962,7278,Graubünden
2964,7235,Graubünden
2965,7232,Graubünden
2966,7231,Graubünden
2967,7233,Graubünden
2968,7247,Graubünden
2969,7249,Graubünden
2970,7250,Graubünden
2971,7252,Graubünden
2973,7241,Graubünden
2975,7240,Graubünden
2976,7222,Graubünden
2977,7223,Graubünden
2978,7224,Graubünden
2979,7226,Graubünden
2981,7242,Graubünden
2982,7243,Graubünden
2983,7244,Graubünden
2984,7245,Graubünden
2985,7246,Graubünden
2986,7000,Graubünden
2988,7062,Graubünden
2989,7074,Graubünden
2990,7075,Graubünden
2992,7027,Graubünden
2993,7028,Graubünden
2994,7029,Graubünden
2995,7050,Graubünden
2996,7056,Graubünden
2997,7057,Graubünden
2998,7058,Graubünden
3000,7026,Graubünden
3001,7063,Graubünden
3002,7064,Graubünden
3003,7023,Graubünden
3004,7202,Graubünden
3005,7203,Graubünden
3006,7204,Graubünden
3007,7205,Graubünden
3008,7302,Graubünden
3009,7304,Graubünden
3010,7306,Graubünden
3011,7307,Graubünden
3014,7208,Graubünden
3016,7206,Graubünden
3018,7303,Graubünden
3020,7213,Graubünden
3021,7214,Graubünden
3022,7215,Graubünden
3023,7220,Graubünden
3026,7228,Graubünden
3027,7212,Graubünden
3029,7134,Graubünden
3030,7158,Graubünden
3031,7159,Graubünden
3032,7162,Graubünden
3033,7163,Graubünden
3034,7164,Graubünden
3035,7165,Graubünden
3036,7180,Graubünden
3037,7182,Graubünden
3038,7183,Graubünden
3039,7186,Graubünden
3040,7184,Graubünden
3041,7185,Graubünden
3042,7172,Graubünden
3043,7173,Graubünden
3044,7174,Graubünden
3045,7175,Graubünden
3046,7176,Graubünden
3048,7187,Graubünden
3049,7188,Graubünden
3050,7189,Graubünden
3051,7166,Graubünden
3052,7167,Graubünden
3053,7168,Graubünden
3056,7137,Graubünden
3057,7138,Graubünden
3058,5000,Aargau
3059,5004,Aargau
3060,5032,Aargau
3061,5023,Aargau
3062,5033,Aargau
3063,5025,Aargau
3064,5026,Aargau
3066,5018,Aargau
3067,5722,Aargau
3068,5723,Aargau
3069,5042,Aargau
3070,5022,Aargau
3071,5024,Aargau
3072,5037,Aargau
3073,5036,Aargau
3075,5034,Aargau
3076,5035,Aargau
3077,5400,Aargau
3078,5404,Aargau
3079,5405,Aargau
3080,5406,Aargau
3081,5454,Aargau
3082,8967,Aargau
3083,8962,Aargau
3086,5413,Aargau
3087,5408,Aargau
3089,5442,Aargau
3090,5423,Aargau
3091,5412,Aargau
3092,8956,Aargau
3093,5444,Aargau
3094,5506,Aargau
3095,5507,Aargau
3096,5432,Aargau
3097,5443,Aargau
3098,5452,Aargau
3099,5415,Aargau
3100,5416,Aargau
3101,5453,Aargau
3103,8957,Aargau
3104,5608,Aargau
3105,5300,Aargau
3107,5301,Aargau
3109,5417,Aargau
3110,5430,Aargau
3112,5512,Aargau
3113,5303,Aargau
3114,5436,Aargau
3115,8109,Aargau
3116,5420,Aargau
3117,8905,Aargau
3118,8964,Aargau
3119,8965,Aargau
3120,5620,Aargau
3121,5626,Aargau
3122,5619,Aargau
3123,5605,Aargau
3124,5445,Aargau
3125,5525,Aargau
3126,5522,Aargau
3127,5607,Aargau
3128,8916,Aargau
3129,5524,Aargau
3130,8917,Aargau
3131,8966,Aargau
3133,5614,Aargau
3134,5618,Aargau
3137,8918,Aargau
3139,5610,Aargau
3140,5611,Aargau
3141,5612,Aargau
3142,5613,Aargau
3146,5621,Aargau
3148,5105,Aargau
3149,5242,Aargau
3150,5244,Aargau
3151,5076,Aargau
3152,5200,Aargau
3153,5210,Aargau
3154,5222,Aargau
3155,5078,Aargau
3156,5077,Aargau
3157,5245,Aargau
3159,5212,Aargau
3161,5246,Aargau
3162,5318,Aargau
3164,5237,Aargau
3165,5243,Aargau
3166,5236,Aargau
3167,5223,Aargau
3169,5235,Aargau
3170,5116,Aargau
3171,5112,Aargau
3172,5106,Aargau
3173,5233,Aargau
3174,5234,Aargau
3175,5213,Aargau
3178,5225,Aargau
3181,5107,Aargau
3182,5108,Aargau
3183,5712,Aargau
3184,5708,Aargau
3185,5736,Aargau
3186,5724,Aargau
3187,5726,Aargau
3188,5046,Aargau
3189,5728,Aargau
3190,5043,Aargau
3191,5733,Aargau
3192,5725,Aargau
3193,5737,Aargau
3194,5727,Aargau
3195,5734,Aargau
3196,5044,Aargau
3198,5040,Aargau
3204,5732,Aargau
3205,4334,Aargau
3206,5074,Aargau
3207,5070,Aargau
3208,5272,Aargau
3209,5063,Aargau
3210,5073,Aargau
3211,5027,Aargau
3212,5075,Aargau
3213,5080,Aargau
3214,5082,Aargau
3215,5083,Aargau
3217,5084,Aargau
3218,5085,Aargau
3219,4333,Aargau
3220,5062,Aargau
3221,5072,Aargau
3222,5326,Aargau
3224,5028,Aargau
3225,5064,Aargau
3227,5079,Aargau
3228,5273,Aargau
3229,5274,Aargau
3230,5275,Aargau
3231,5276,Aargau
3232,5277,Aargau
3234,5600,Aargau
3235,5706,Aargau
3237,5505,Aargau
3238,5606,Aargau
3239,5703,Aargau
3240,5704,Aargau
3241,5615,Aargau
3242,5705,Aargau
3244,5604,Aargau
3245,5113,Aargau
3246,5502,Aargau
3249,5616,Aargau
3250,5617,Aargau
3251,5103,Aargau
3253,5702,Aargau
3254,5504,Aargau
3256,5102,Aargau
3258,5503,Aargau
3259,5707,Aargau
3261,5603,Aargau
3262,5646,Aargau
3263,5628,Aargau
3264,5630,Aargau
3265,5637,Aargau
3267,5643,Aargau
3268,5644,Aargau
3271,5627,Aargau
3273,5632,Aargau
3274,5623,Aargau
3277,5624,Aargau
3280,6042,Aargau
3282,5625,Aargau
3283,5634,Aargau
3284,5636,Aargau
3287,5647,Aargau
3288,8919,Aargau
3290,5645,Aargau
3293,5622,Aargau
3294,4316,Aargau
3298,4312,Aargau
3299,4313,Aargau
3300,4322,Aargau
3301,4324,Aargau
3303,4310,Aargau
3305,4325,Aargau
3306,4332,Aargau
3307,4323,Aargau
3308,4317,Aargau
3309,4314,Aargau
3310,4315,Aargau
3315,4665,Aargau
3316,4813,Aargau
3317,4814,Aargau
3318,4803,Aargau
3319,4805,Aargau
3321,5054,Aargau
3323,5742,Aargau
3326,4856,Aargau
3331,4800,Aargau
3332,5056,Aargau
3333,5057,Aargau
3334,4802,Aargau
3335,4852,Aargau
3336,5745,Aargau
3337,5053,Aargau
3339,4812,Aargau
3343,5058,Aargau
3347,5333,Aargau
3348,5334,Aargau
3349,5314,Aargau
3350,5315,Aargau
3351,5312,Aargau
3352,5304,Aargau
3353,5305,Aargau
3354,5467,Aargau
3355,5324,Aargau
3356,5466,Aargau
3357,5313,Aargau
3358,5322,Aargau
3360,5325,Aargau
3361,5426,Aargau
3362,5316,Aargau
3363,5317,Aargau
3364,5465,Aargau
3365,5332,Aargau
3366,5323,Aargau
3367,5464,Aargau
3368,5425,Aargau
3370,5306,Aargau
3371,5463,Aargau
3372,5330,Aargau
3373,9320,Thurgau
3374,8582,Thurgau
3375,9314,Thurgau
3377,9322,Thurgau
3381,8593,Thurgau
3385,9325,Thurgau
3386,8590,Thurgau
3388,8599,Thurgau
3392,8592,Thurgau
3394,8581,Thurgau
3395,8587,Thurgau
3398,8586,Thurgau
3399,9216,Thurgau
3402,9225,Thurgau
3404,8577,Thurgau
3405,9214,Thurgau
3406,9215,Thurgau
3407,9217,Thurgau
3408,8583,Thurgau
3410,8588,Thurgau
3411,8589,Thurgau
3414,8254,Thurgau
3415,8255,Thurgau
3417,8252,Thurgau
3418,8253,Thurgau
3421,8356,Thurgau
3422,8357,Thurgau
3423,8522,Thurgau
3424,9547,Thurgau
3426,8552,Thurgau
3429,9548,Thurgau
3432,8547,Thurgau
3433,8553,Thurgau
3437,8526,Thurgau
3438,9507,Thurgau
3441,8512,Thurgau
3442,8524,Thurgau
3443,8532,Thurgau
3444,8536,Thurgau
3445,8595,Thurgau
3446,8280,Thurgau
3447,8598,Thurgau
3448,8272,Thurgau
3449,8273,Thurgau
3450,8274,Thurgau
3451,8594,Thurgau
3452,8565,Thurgau
3453,8566,Thurgau
3454,8573,Thurgau
3457,8585,Thurgau
3459,8574,Thurgau
3460,8596,Thurgau
3461,8597,Thurgau
3464,8558,Thurgau
3465,8564,Thurgau
3466,8514,Thurgau
3467,9555,Thurgau
3468,9556,Thurgau
3469,9562,Thurgau
3470,9553,Thurgau
3471,8362,Thurgau
3473,9502,Thurgau
3474,8360,Thurgau
3475,8370,Thurgau
3476,8372,Thurgau
3477,8374,Thurgau
3481,9506,Thurgau
3482,9508,Thurgau
3485,9542,Thurgau
3488,9535,Thurgau
3492,8371,Thurgau
3494,9573,Thurgau
3495,9554,Thurgau
3497,9545,Thurgau
3498,9546,Thurgau
3502,8267,Thurgau
3503,8264,Thurgau
3504,8506,Thurgau
3506,8535,Thurgau
3508,8507,Thurgau
3509,8508,Thurgau
3512,8537,Thurgau
3514,8265,Thurgau
3516,8555,Thurgau
3517,8505,Thurgau
3520,8268,Thurgau
3521,8269,Thurgau
3522,8266,Thurgau
3523,8259,Thurgau
3525,8554,Thurgau
3526,8570,Thurgau
3527,8572,Thurgau
3528,8576,Thurgau
3529,8584,Thurgau
3532,8575,Thurgau
3535,9503,Thurgau
3536,9504,Thurgau
3537,9517,Thurgau
3539,9565,Thurgau
3540,8560,Thurgau
3541,8561,Thurgau
3545,8556,Thurgau
3548,6517,Tessin
3549,6532,Tessin
3550,6500,Tessin
3551,6503,Tessin
3552,6512,Tessin
3553,6513,Tessin
3554,6514,Tessin
3555,6515,Tessin
3556,6518,Tessin
3557,6523,Tessin
3558,6524,Tessin
3559,6525,Tessin
3560,6528,Tessin
3562,6582,Tessin
3563,6583,Tessin
3564,6584,Tessin
3565,6592,Tessin
3566,6702,Tessin
3568,6593,Tessin
3569,6599,Tessin
3570,6810,Tessin
3572,6533,Tessin
3577,6715,Tessin
3578,6716,Tessin
3579,6721,Tessin
3580,6722,Tessin
3581,6723,Tessin
3582,6724,Tessin
3583,6717,Tessin
3584,6718,Tessin
3585,6719,Tessin
3586,6720,Tessin
3587,6713,Tessin
3588,6714,Tessin
3590,6780,Tessin
3591,6781,Tessin
3592,6743,Tessin
3593,6774,Tessin
3594,6746,Tessin
3595,6747,Tessin
3596,6748,Tessin
3597,6749,Tessin
3598,6760,Tessin
3599,6763,Tessin
3600,6764,Tessin
3601,6745,Tessin
3602,6744,Tessin
3603,6742,Tessin
3604,6772,Tessin
3605,6773,Tessin
3606,6775,Tessin
3607,6776,Tessin
3608,6777,Tessin
3609,6612,Tessin
3610,6618,Tessin
3611,6634,Tessin
3612,6645,Tessin
3613,6646,Tessin
3614,6614,Tessin
3615,6631,Tessin
3616,6636,Tessin
3617,6596,Tessin
3618,6595,Tessin
3619,6633,Tessin
3620,6516,Tessin
3621,6572,Tessin
3622,6594,Tessin
3625,6600,Tessin
3626,6605,Tessin
3628,6644,Tessin
3629,6652,Tessin
3630,6616,Tessin
3632,6647,Tessin
3633,6598,Tessin
3637,6648,Tessin
3642,6613,Tessin
3643,6622,Tessin
3644,6637,Tessin
3647,6632,Tessin
3648,6611,Tessin
3649,6655,Tessin
3650,6661,Tessin
3651,6662,Tessin
3652,6663,Tessin
3653,6664,Tessin
3657,6597,Tessin
3658,6635,Tessin
3659,6934,Tessin
3660,6982,Tessin
3661,6990,Tessin
3662,6994,Tessin
3663,6822,Tessin
3664,6823,Tessin
3665,6999,Tessin
3666,6930,Tessin
3667,6981,Tessin
3668,6986,Tessin
3670,6935,Tessin
3672,6992,Tessin
3673,6993,Tessin
3674,6816,Tessin
3675,6827,Tessin
3676,6867,Tessin
3677,6936,Tessin
3679,6814,Tessin
3680,6952,Tessin
3681,6987,Tessin
3682,6944,Tessin
3683,6949,Tessin
3684,6980,Tessin
3686,6989,Tessin
3687,6995,Tessin
3691,6916,Tessin
3692,6929,Tessin
3693,6807,Tessin
3697,6900,Tessin
3698,6912,Tessin
3699,6913,Tessin
3700,6914,Tessin
3701,6915,Tessin
3703,6917,Tessin
3704,6918,Tessin
3705,6925,Tessin
3706,6932,Tessin
3707,6951,Tessin
3708,6959,Tessin
3709,6962,Tessin
3710,6963,Tessin
3711,6964,Tessin
3712,6965,Tessin
3713,6966,Tessin
3714,6967,Tessin
3715,6968,Tessin
3716,6974,Tessin
3717,6976,Tessin
3718,6977,Tessin
3719,6978,Tessin
3720,6979,Tessin
3721,6983,Tessin
3722,6928,Tessin
3724,6817,Tessin
3726,6818,Tessin
3727,6815,Tessin
3728,6805,Tessin
3730,6998,Tessin
3731,6922,Tessin
3732,6933,Tessin
3734,6991,Tessin
3737,6945,Tessin
3740,6946,Tessin
3741,6988,Tessin
3742,6942,Tessin
3743,6948,Tessin
3744,6984,Tessin
3745,6821,Tessin
3748,6997,Tessin
3749,6924,Tessin
3751,6947,Tessin
3752,6950,Tessin
3753,6953,Tessin
3754,6954,Tessin
3755,6955,Tessin
3756,6956,Tessin
3757,6957,Tessin
3758,6958,Tessin
3760,6960,Tessin
3762,6808,Tessin
3764,6943,Tessin
3765,6921,Tessin
3767,6919,Tessin
3769,6926,Tessin
3770,6927,Tessin
3771,6937,Tessin
3772,6938,Tessin
3773,6939,Tessin
3774,6802,Tessin
3775,6803,Tessin
3776,6804,Tessin
3777,6806,Tessin
3778,6809,Tessin
3779,6828,Tessin
3780,6830,Tessin
3781,6825,Tessin
3782,6850,Tessin
3783,6872,Tessin
3784,6873,Tessin
3785,6874,Tessin
3786,6875,Tessin
3787,6877,Tessin
3789,6832,Tessin
3794,6852,Tessin
3795,6853,Tessin
3796,6855,Tessin
3797,6862,Tessin
3798,6863,Tessin
3799,6864,Tessin
3800,6865,Tessin
3801,6866,Tessin
3803,6834,Tessin
3804,6883,Tessin
3805,6826,Tessin
3807,6854,Tessin
3809,6833,Tessin
3810,6835,Tessin
3811,6837,Tessin
3812,6838,Tessin
3813,6839,Tessin
3814,6710,Tessin
3816,6526,Tessin
3817,6527,Tessin
3818,6703,Tessin
3819,6705,Tessin
3820,6707,Tessin
3821,6685,Tessin
3822,6683,Tessin
3823,6684,Tessin
3824,6682,Tessin
3826,6675,Tessin
3827,6676,Tessin
3828,6690,Tessin
3830,6670,Tessin
3831,6673,Tessin
3832,6674,Tessin
3833,6677,Tessin
3834,6678,Tessin
3835,6692,Tessin
3836,6693,Tessin
3837,6694,Tessin
3838,6695,Tessin
3839,6696,Tessin
3841,6672,Tessin
3843,6653,Tessin
3844,6654,Tessin
3847,6656,Tessin
3848,6657,Tessin
3849,6658,Tessin
3850,6659,Tessin
3852,6571,Tessin
3854,6573,Tessin
3855,6574,Tessin
3856,6575,Tessin
3857,6576,Tessin
3858,6577,Tessin
3859,6578,Tessin
3860,6579,Tessin
3863,1860,Waadt
3864,1863,Waadt
3865,1880,Waadt
3866,1882,Waadt
3867,1846,Waadt
3868,1856,Waadt
3871,1892,Waadt
3872,1854,Waadt
3873,1845,Waadt
3874,1866,Waadt
3875,1867,Waadt
3877,1884,Waadt
3878,1885,Waadt
3880,1862,Waadt
3883,1864,Waadt
3884,1865,Waadt
3886,1847,Waadt
3887,1852,Waadt
3888,1844,Waadt
3890,1853,Waadt
3891,1128,Waadt
3892,1143,Waadt
3893,1170,Waadt
3894,1172,Waadt
3895,1174,Waadt
3896,1144,Waadt
3897,1149,Waadt
3898,1145,Waadt
3901,1166,Waadt
3902,1173,Waadt
3903,1188,Waadt
3904,1261,Waadt
3906,1146,Waadt
3911,1176,Waadt
3912,1187,Waadt
3913,1189,Waadt
3916,1588,Waadt
3918,1584,Waadt
3919,1585,Waadt
3920,1586,Waadt
3921,1587,Waadt
3922,1589,Waadt
3924,1042,Waadt
3925,1306,Waadt
3926,1035,Waadt
3927,1034,Waadt
3928,1148,Waadt
3929,1308,Waadt
3930,1316,Waadt
3933,1304,Waadt
3934,1116,Waadt
3938,1312,Waadt
3939,1313,Waadt
3940,1124,Waadt
3941,1117,Waadt
3943,1307,Waadt
3945,1031,Waadt
3948,1325,Waadt
3949,1147,Waadt
3950,1317,Waadt
3951,1372,Waadt
3952,1142,Waadt
3953,1305,Waadt
3954,1303,Waadt
3955,1318,Waadt
3956,1315,Waadt
3958,1141,Waadt
3960,1036,Waadt
3962,1302,Waadt
3964,1038,Waadt
3966,1041,Waadt
3967,1053,Waadt
3969,1040,Waadt
3970,1417,Waadt
3971,1037,Waadt
3972,1044,Waadt
3973,1055,Waadt
3974,1054,Waadt
3975,1377,Waadt
3976,1416,Waadt
3977,1375,Waadt
3979,1046,Waadt
3980,1047,Waadt
3983,1418,Waadt
3985,1043,Waadt
3986,1376,Waadt
3987,1423,Waadt
3988,1427,Waadt
3989,1452,Waadt
3990,1453,Waadt
3991,1424,Waadt
3992,1426,Waadt
3993,1428,Waadt
3994,2028,Waadt
3996,1420,Waadt
3998,1421,Waadt
4000,1429,Waadt
4002,1422,Waadt
4005,1431,Waadt
4006,1425,Waadt
4008,2108,Waadt
4009,1445,Waadt
4010,1450,Waadt
4012,1454,Waadt
4015,1092,Waadt
4016,1033,Waadt
4017,1023,Waadt
4019,1066,Waadt
4020,1008,Waadt
4021,1000,Waadt
4022,1003,Waadt
4023,1004,Waadt
4024,1005,Waadt
4025,1006,Waadt
4026,1007,Waadt
4027,1010,Waadt
4028,1011,Waadt
4029,1012,Waadt
4030,1018,Waadt
4032,1032,Waadt
4034,1052,Waadt
4038,1094,Waadt
4040,1009,Waadt
4041,1068,Waadt
4043,1020,Waadt
4045,1071,Waadt
4046,1072,Waadt
4047,1073,Waadt
4048,1080,Waadt
4049,1091,Waadt
4050,1090,Waadt
4052,1093,Waadt
4053,1095,Waadt
4054,1070,Waadt
4056,1096,Waadt
4057,1098,Waadt
4058,1607,Waadt
4068,1097,Waadt
4070,1123,Waadt
4071,1121,Waadt
4072,1164,Waadt
4073,1030,Waadt
4074,1136,Waadt
4075,1015,Waadt
4076,1022,Waadt
4077,1134,Waadt
4078,1127,Waadt
4079,1135,Waadt
4080,1026,Waadt
4082,1112,Waadt
4083,1113,Waadt
4084,1114,Waadt
4085,1125,Waadt
4087,1024,Waadt
4088,1163,Waadt
4090,1175,Waadt
4091,1027,Waadt
4092,1132,Waadt
4093,1162,Waadt
4094,1167,Waadt
4095,1110,Waadt
4096,1028,Waadt
4098,1122,Waadt
4101,1025,Waadt
4102,1131,Waadt
4103,1126,Waadt
4104,1029,Waadt
4105,1168,Waadt
4107,1115,Waadt
4108,1169,Waadt
4110,1063,Waadt
4111,1514,Waadt
4112,1512,Waadt
4113,1521,Waadt
4114,1682,Waadt
4115,1059,Waadt
4116,1513,Waadt
4118,1522,Waadt
4119,1526,Waadt
4120,1683,Waadt
4121,1510,Waadt
4122,1045,Waadt
4126,1515,Waadt
4127,1509,Waadt
4130,1409,Waadt
4133,1277,Waadt
4134,1264,Waadt
4135,1273,Waadt
4136,1269,Waadt
4137,1268,Waadt
4138,1279,Waadt
4141,1290,Waadt
4142,1275,Waadt
4143,1276,Waadt
4144,1267,Waadt
4145,1291,Waadt
4146,1296,Waadt
4147,1297,Waadt
4148,1299,Waadt
4149,1263,Waadt
4150,1266,Waadt
4151,1262,Waadt
4153,1272,Waadt
4155,1271,Waadt
4157,1196,Waadt
4158,1274,Waadt
4160,1295,Waadt
4161,1260,Waadt
4163,1197,Waadt
4166,1278,Waadt
4168,1265,Waadt
4172,1270,Waadt
4175,1355,Waadt
4176,1352,Waadt
4177,1321,Waadt
4178,1338,Waadt
4179,1446,Waadt
4181,1353,Waadt
4182,1329,Waadt
4183,1373,Waadt
4184,1374,Waadt
4185,1435,Waadt
4186,1356,Waadt
4187,1322,Waadt
4188,1326,Waadt
4189,1357,Waadt
4190,1354,Waadt
4191,1350,Waadt
4193,1324,Waadt
4194,1439,Waadt
4195,1323,Waadt
4197,1358,Waadt
4198,1337,Waadt
4201,1082,Waadt
4203,1078,Waadt
4204,1613,Waadt
4205,1081,Waadt
4206,1088,Waadt
4207,1077,Waadt
4209,1084,Waadt
4212,1058,Waadt
4214,1061,Waadt
4215,1062,Waadt
4219,1610,Waadt
4221,1076,Waadt
4222,1083,Waadt
4224,1537,Waadt
4225,1545,Waadt
4227,1543,Waadt
4230,1530,Waadt
4231,1551,Waadt
4233,1552,Waadt
4234,1538,Waadt
4235,1554,Waadt
4236,1555,Waadt
4239,1523,Waadt
4240,1524,Waadt
4243,1535,Waadt
4244,1536,Waadt
4246,1659,Waadt
4247,1660,Waadt
4248,1658,Waadt
4250,1165,Waadt
4251,1195,Waadt
4252,1183,Waadt
4256,1180,Waadt
4257,1185,Waadt
4258,1186,Waadt
4260,1182,Waadt
4264,1184,Waadt
4271,1342,Waadt
4272,1344,Waadt
4273,1346,Waadt
4274,1341,Waadt
4275,1347,Waadt
4276,1348,Waadt
4277,1343,Waadt
4278,1345,Waadt
4279,1807,Waadt
4280,1816,Waadt
4284,1801,Waadt
4285,1803,Waadt
4286,1805,Waadt
4287,1802,Waadt
4288,1804,Waadt
4291,1809,Waadt
4296,1815,Waadt
4298,1817,Waadt
4299,1820,Waadt
4300,1822,Waadt
4301,1823,Waadt
4302,1824,Waadt
4303,1832,Waadt
4304,1833,Waadt
4305,1806,Waadt
4306,1814,Waadt
4307,1800,Waadt
4309,1432,Waadt
4311,1407,Waadt
4312,1436,Waadt
4313,1443,Waadt
4314,1464,Waadt
4316,1400,Waadt
4317,1406,Waadt
4319,1404,Waadt
4320,1415,Waadt
4322,1408,Waadt
4323,1434,Waadt
4324,1438,Waadt
4326,1442,Waadt
4328,1430,Waadt
4329,1413,Waadt
4330,1405,Waadt
4331,1463,Waadt
4332,1433,Waadt
4333,1437,Waadt
4335,1412,Waadt
4336,1441,Waadt
4343,1462,Waadt
4344,3900,Wallis
4345,3902,Wallis
4346,3939,Wallis
4348,3903,Wallis
4349,3904,Wallis
4350,3914,Wallis
4352,3901,Wallis
4353,3911,Wallis
4354,3907,Wallis
4356,3912,Wallis
4357,3913,Wallis
4358,3982,Wallis
4360,1957,Wallis
4361,1908,Wallis
4362,1911,Wallis
4363,1955,Wallis
4364,1964,Wallis
4365,1975,Wallis
4366,1976,Wallis
4367,1993,Wallis
4368,1994,Wallis
4369,1996,Wallis
4370,1997,Wallis
4371,1963,Wallis
4372,1934,Wallis
4373,1936,Wallis
4374,1947,Wallis
4375,1948,Wallis
4376,1946,Wallis
4377,1945,Wallis
4378,1937,Wallis
4379,1938,Wallis
4380,1943,Wallis
4381,1944,Wallis
4382,1933,Wallis
4383,1927,Wallis
4385,1941,Wallis
4386,1942,Wallis
4387,3997,Wallis
4388,3996,Wallis
4389,3995,Wallis
4390,3984,Wallis
4391,3801,Wallis
4393,3994,Wallis
4394,3988,Wallis
4395,3999,Wallis
4396,3985,Wallis
4397,3989,Wallis
4398,3998,Wallis
4399,1958,Wallis
4400,1966,Wallis
4401,1972,Wallis
4402,1983,Wallis
4403,1984,Wallis
4404,1985,Wallis
4405,1986,Wallis
4406,1982,Wallis
4407,1987,Wallis
4408,1969,Wallis
4410,1981,Wallis
4411,1988,Wallis
4412,1992,Wallis
4413,1961,Wallis
4414,1968,Wallis
4415,1973,Wallis
4416,3951,Wallis
4417,3955,Wallis
4418,3946,Wallis
4419,3947,Wallis
4420,3953,Wallis
4421,3945,Wallis
4422,3952,Wallis
4424,3956,Wallis
4425,3957,Wallis
4426,3970,Wallis
4427,3954,Wallis
4429,3948,Wallis
4439,1932,Wallis
4440,1906,Wallis
4441,1926,Wallis
4442,1914,Wallis
4445,1912,Wallis
4446,1904,Wallis
4448,1920,Wallis
4450,1921,Wallis
4451,1928,Wallis
4454,1918,Wallis
4455,1913,Wallis
4456,1907,Wallis
4457,1929,Wallis
4458,1874,Wallis
4459,1868,Wallis
4460,1872,Wallis
4461,1893,Wallis
4462,1870,Wallis
4463,1871,Wallis
4464,1897,Wallis
4465,1898,Wallis
4467,1875,Wallis
4468,1873,Wallis
4469,1895,Wallis
4470,1899,Wallis
4471,1896,Wallis
4472,3983,Wallis
4474,3993,Wallis
4477,3986,Wallis
4478,3987,Wallis
4479,3938,Wallis
4480,3919,Wallis
4481,3935,Wallis
4482,3943,Wallis
4483,3916,Wallis
4484,3917,Wallis
4486,3940,Wallis
4487,3942,Wallis
4488,3930,Wallis
4490,3944,Wallis
4491,3918,Wallis
4494,3949,Wallis
4496,3991,Wallis
4497,3992,Wallis
4499,1903,Wallis
4500,1905,Wallis
4501,1902,Wallis
4502,1925,Wallis
4503,1869,Wallis
4505,1891,Wallis
4506,1890,Wallis
4508,1922,Wallis
4509,1923,Wallis
4513,3966,Wallis
4514,3967,Wallis
4515,3965,Wallis
4516,3979,Wallis
4517,1977,Wallis
4518,1978,Wallis
4519,3963,Wallis
4522,3971,Wallis
4523,3978,Wallis
4524,3972,Wallis
4527,3960,Wallis
4531,3976,Wallis
4532,3977,Wallis
4533,3973,Wallis
4534,3968,Wallis
4536,3961,Wallis
4542,3974,Wallis
4543,3975,Wallis
4546,1974,Wallis
4547,1950,Wallis
4548,1971,Wallis
4550,1962,Wallis
4551,1965,Wallis
4556,1967,Wallis
4558,1991,Wallis
4564,3937,Wallis
4565,3922,Wallis
4567,3926,Wallis
4568,3925,Wallis
4569,3931,Wallis
4570,3928,Wallis
4571,3905,Wallis
4572,3908,Wallis
4573,3910,Wallis
4574,3906,Wallis
4577,3924,Wallis
4578,3927,Wallis
4580,3933,Wallis
4581,3929,Wallis
4582,3923,Wallis
4586,3932,Wallis
4587,3934,Wallis
4588,3920,Wallis
4589,2013,Neuenburg
4590,2014,Neuenburg
4591,2015,Neuenburg
4592,2017,Neuenburg
4593,2019,Neuenburg
4594,2149,Neuenburg
4595,2035,Neuenburg
4596,2036,Neuenburg
4597,2037,Neuenburg
4598,2016,Neuenburg
4599,2022,Neuenburg
4600,2034,Neuenburg
4604,2103,Neuenburg
4606,2318,Neuenburg
4607,2000,Neuenburg
4608,2012,Neuenburg
4613,2023,Neuenburg
4614,2024,Neuenburg
4615,2025,Neuenburg
4616,2027,Neuenburg
4619,2300,Neuenburg
4620,2314,Neuenburg
4621,2322,Neuenburg
4623,2325,Neuenburg
4625,2400,Neuenburg
4626,2416,Neuenburg
4627,2124,Neuenburg
4628,2406,Neuenburg
4631,2405,Neuenburg
4633,2414,Neuenburg
4640,2105,Neuenburg
4641,2316,Neuenburg
4642,2072,Neuenburg
4643,2075,Neuenburg
4644,2087,Neuenburg
4647,2088,Neuenburg
4648,2067,Neuenburg
4649,2073,Neuenburg
4650,2068,Neuenburg
4659,2074,Neuenburg
4662,2042,Neuenburg
4666,2043,Neuenburg
4667,2046,Neuenburg
4668,2052,Neuenburg
4669,2053,Neuenburg
4670,2054,Neuenburg
4671,2056,Neuenburg
4672,2057,Neuenburg
4673,2058,Neuenburg
4674,2063,Neuenburg
4675,2065,Neuenburg
4677,2206,Neuenburg
4678,2207,Neuenburg
4679,2208,Neuenburg
4684,2115,Neuenburg
4685,2117,Neuenburg
4686,2126,Neuenburg
4691,2112,Neuenburg
4692,2113,Neuenburg
4693,2114,Neuenburg
4695,2116,Neuenburg
4696,2123,Neuenburg
4699,2127,Neuenburg
4703,1288,Genf
4704,1247,Genf
4705,1237,Genf
4706,1236,Genf
4707,1285,Genf
4708,1257,Genf
4709,1258,Genf
4710,1293,Genf
4711,1294,Genf
4712,1232,Genf
4713,1233,Genf
4715,1286,Genf
4716,1212,Genf
4717,1227,Genf
4719,1298,Genf
4721,1284,Genf
4723,1224,Genf
4724,1231,Genf
4725,1225,Genf
4726,1244,Genf
4727,1239,Genf
4729,1222,Genf
4730,1245,Genf
4731,1223,Genf
4732,1228,Genf
4734,1246,Genf
4735,1283,Genf
4736,1201,Genf
4737,1202,Genf
4738,1203,Genf
4739,1204,Genf
4740,1205,Genf
4741,1206,Genf
4742,1207,Genf
4743,1208,Genf
4744,1209,Genf
4745,1213,Genf
4746,1218,Genf
4749,1292,Genf
4755,1215,Genf
4756,1216,Genf
4758,1251,Genf
4759,1254,Genf
4760,1248,Genf
4763,1287,Genf
4768,1256,Genf
4769,1252,Genf
4770,1214,Genf
4773,1217,Genf
4783,1243,Genf
4784,1241,Genf
4785,1281,Genf
4788,1242,Genf
4791,1226,Genf
4792,1255,Genf
4795,1253,Genf
4799,1219,Genf
4800,1220,Genf
4802,1234,Genf
4805,2856,Jura
4806,2857,Jura
4807,2883,Jura
4808,2803,Jura
4809,2843,Jura
4810,2825,Jura
4811,2800,Jura
4812,2830,Jura
4813,2832,Jura
4814,2805,Jura
4815,2822,Jura
4816,2823,Jura
4818,2852,Jura
4819,2853,Jura
4821,2806,Jura
4824,2802,Jura
4825,2813,Jura
4828,2812,Jura
4832,2807,Jura
4835,2842,Jura
4836,2718,Jura
4837,2873,Jura
4841,2854,Jura
4842,2855,Jura
4843,2863,Jura
4844,2864,Jura
4845,2824,Jura
4846,2826,Jura
4847,2828,Jura
4848,2829,Jura
4850,2360,Jura
4851,2363,Jura
4853,2336,Jura
4856,2353,Jura
4858,2714,Jura
4860,2362,Jura
4862,2338,Jura
4865,2340,Jura
4867,2350,Jura
4869,2354,Jura
4870,2364,Jura
4872,2882,Jura
4874,2886,Jura
4875,2887,Jura
4876,2942,Jura
4877,2935,Jura
4878,2926,Jura
4879,2944,Jura
4880,2915,Jura
4881,2932,Jura
4882,2952,Jura
4883,2922,Jura
4884,2950,Jura
4886,2905,Jura
4887,2933,Jura
4888,2916,Jura
4889,2902,Jura
4890,2903,Jura
4891,2904,Jura
4892,2908,Jura
4894,2900,Jura
4895,2943,Jura
4897,2923,Jura
4898,2924,Jura
4899,2925,Jura
4902,2884,Jura
4903,2885,Jura
4905,2888,Jura
4906,2889,Jura
4907,2906,Jura
4908,2907,Jura
4909,2912,Jura
4910,2914,Jura
4913,2946,Jura
4914,2947,Jura
4915,2953,Jura
4916,2954,Jura
